<?xml version="1.0" encoding="UTF-8"?>

<WorkflowProcess>
<flow_name>P2</flow_name>
<own_user>Bertin</own_user>
<desc></desc>
<keyword></keyword>
<businessId>123456</businessId>
<version>1.0</version>
<sessionUsed>false</sessionUsed>
<createdBy>idt</createdBy>

<itemConfigs>
    <config name="Instance_Timeout" value="0" desc="how long (milliseconds) serviceflow timeout,0 means no timeout control at all" />
    <config name="url" value="http://www.webservicex.net/geoipservice.asmx" desc="" />
</itemConfigs>
<processProps>
    <variables>
        <variable name="serviceKey" type="Integer" default="" desc="" />
        <variable name="callingNumber" type="String" default="" desc="" />
        <variable name="calledNumber" type="String" default="" desc="" />
        <variable name="translatedNumber" type="String" default="" desc="" />
        <variable name="callCost" type="Integer" default="" desc="" />
        <variable name="timeLen" type="Integer" default="" desc="" />
        <variable name="IPAddress" type="XML" default="&lt;soapenv:Envelope xmlns:soapenv=&quot;http://schemas.xmlsoap.org/soap/envelope/&quot; xmlns:web=&quot;http://www.webservicex.net/&quot;&gt;    &lt;soapenv:Header/&gt;    &lt;soapenv:Body&gt;       &lt;web:GetGeoIP&gt;          &lt;!--Optional:--&gt;          &lt;web:IPAddress&gt;?&lt;/web:IPAddress&gt;       &lt;/web:GetGeoIP&gt;    &lt;/soapenv:Body&gt; &lt;/soapenv:Envelope&gt;" desc="" />
        <variable name="IP_Str" type="String" default="" desc="" />
        <variable name="CountryName" type="XML" default="&lt;soapenv:Envelope xmlns:soapenv=&quot;http://schemas.xmlsoap.org/soap/envelope/&quot; xmlns:web=&quot;http://www.webservicex.net/&quot;&gt;    &lt;soapenv:Header/&gt;    &lt;soapenv:Body&gt;       &lt;web:GetGeoIPResponse&gt;          &lt;!--Optional:--&gt;          &lt;web:GetGeoIPResult&gt;             &lt;web:ReturnCode&gt;?&lt;/web:ReturnCode&gt;             &lt;!--Optional:--&gt;             &lt;web:IP&gt;?&lt;/web:IP&gt;             &lt;!--Optional:--&gt;             &lt;web:ReturnCodeDetails&gt;?&lt;/web:ReturnCodeDetails&gt;             &lt;!--Optional:--&gt;             &lt;web:CountryName&gt;?&lt;/web:CountryName&gt;             &lt;!--Optional:--&gt;             &lt;web:CountryCode&gt;?&lt;/web:CountryCode&gt;          &lt;/web:GetGeoIPResult&gt;       &lt;/web:GetGeoIPResponse&gt;    &lt;/soapenv:Body&gt; &lt;/soapenv:Envelope&gt;" desc="" />
        <variable name="Country_str" type="String" default="none" desc="" />
    </variables>
    <params>
        <param name="IP" type="input" variable="IP_Str" isNullable="Y" seq="0" desc="" />
        <param name="Country_out" type="output" variable="Country_str" isNullable="Y" seq="0" desc="" />
    </params>
    <matchCodes>
    </matchCodes>
    <linkCodes>
    </linkCodes>
</processProps>

<nodes>

    <node type="ST" xsi:type="StartNodeWrapper" xmlns:xsi="http://www.w3.org/2001/XMLSchema-instance" name="StartNode" seq="1" isFB="false" FBName="" ToFBNameList="" xcoord="70" ycoord="200" width="57" height="57">
     </node>
    <node type="EN" xsi:type="EndNodeWrapper" xmlns:xsi="http://www.w3.org/2001/XMLSchema-instance" name="EndNode" seq="2" xcoord="650" ycoord="200" width="57" height="57">
     </node>
    <node type="WS" xsi:type="WebserviceNodeWrapper" xmlns:xsi="http://www.w3.org/2001/XMLSchema-instance" name="geoipservice.asmx1" seq="3" isFB="false" FBName="" ToFBNameList="" xcoord="324" ycoord="175" width="60" height="52">
    <wsItem wsName="geoipservice.asmx" image="serviceImage_1" portName="GeoIPServiceSoap" operationName="GetGeoIP" selfdefineUrl="@url">
     <params>
 <param type="input" value="$IPAddress"   name="request"/>
 <param type="output" value="$CountryName"     name="response"/>
     </params>
    </wsItem>
     </node>
    <node type="XPATH" xsi:type="XpathNodeWrapper" xmlns:xsi="http://www.w3.org/2001/XMLSchema-instance" name="XPath1" seq="6" isFB="false" FBName="" ToFBNameList="" xcoord="205" ycoord="184" width="60" height="52">
		<xpathItem operParam="$IPAddress"	operSeq="1"	clientSeq="1"	operType="write">
			<params>
				<param type="input" value="$IP_Str"	dataType="String"/>
				<param type="output" value=""	dataType="String"/>
			</params>
		</xpathItem>
     </node>
    <node type="XPATH" xsi:type="XpathNodeWrapper" xmlns:xsi="http://www.w3.org/2001/XMLSchema-instance" name="XPath2" seq="9" isFB="false" FBName="" ToFBNameList="" xcoord="472" ycoord="182" width="60" height="52">
		<xpathItem operParam="$CountryName"	operSeq="1"	clientSeq="1"	operType="read">
			<params>
				<param type="input" value="/*:Envelope/*:Body/*:GetGeoIPResponse/*:GetGeoIPResult/*:CountryName"	dataType="String"/>
				<param type="output" value="$Country_str"	dataType="String"/>
			</params>
		</xpathItem>
     </node>
</nodes>
<lines>

        <line seq="7" from="1" to="6" type="no_cond" cond="" desc=""/>
        <line seq="10" from="3" to="9" type="no_cond" cond="" desc=""/>
        <line seq="8" from="6" to="3" type="no_cond" cond="" desc=""/>
        <line seq="11" from="9" to="2" type="no_cond" cond="" desc=""/></lines>
</WorkflowProcess>