<?xml version="1.0" encoding="utf-8"?>

<service> 
  <serviceName>P2</serviceName>  
  <ownUser>Bertin</ownUser>  
  <desc></desc>  
  <keyword></keyword>  
  <serviceId>123456</serviceId>  
  <version>1.0</version>  
  <sessionUsed>false</sessionUsed>  
  <itemConfigs> 
    <config name="Instance_Timeout" value="0" desc="how long (milliseconds) serviceflow timeout,0 means no timeout control at all"/>
    <config name="url" value="http://www.webservicex.net/geoipservice.asmx" desc=""/>
  </itemConfigs>  
  <matchCodes></matchCodes>  
  <outparams> 
    <param name="Country_out" dataType="String" desc=""/>
  </outparams>  
  <serviceInit></serviceInit>  
  <serviceDestroy></serviceDestroy>  
  <capabilities></capabilities>  
  <serviceInvoke> 
    <upCallBacks></upCallBacks>  
    <start invokeClassName="com.zte.usee.P2._123456.Service" invokeMethodName="normalStart">
      <inparams>
        <param name="IP" dataType="String" isNullable="Y" desc=""/>
      </inparams>
    </start>
  </serviceInvoke> 
</service>
